Uniprot_ID,Mutation,Class
Q8N8E2,E66K,1
Q8N8E2,R445W,1
Q8N8E2,R3Q,1
Q8N8E2,R147W,1
Q8N8E2,P138L,1
Q8N8E2,L143P,1
Q8N8E2,R461W,1
Q8N8E2,E27K,1
Q8N8E2,T156A,1
Q8N8E2,R523W,1
Q9P243,R672Q,1
Q9P243,R828K,1
Q9P243,A484D,1
Q9P243,A511V,1
Q9P243,S773F,1
Q9P243,V519A,1
Q9P243,A714T,1
Q9P243,P102S,1
Q9P243,G649D,1
Q9P243,R787H,1
Q9P243,A511T,1
Q9P243,S664L,1
Q9P243,R50K,1
Q9P243,A1128V,1
Q9P243,R766K,1
Q9P243,E520K,1
Q9P243,P97L,1
Q9P243,R474H,1
Q9P243,R474C,1
Q9P243,R411H,1
Q9P243,G64R,1
Q9P243,Q1105R,1
Q9P243,V1101I,1
Q9P243,P105L,1
Q9P243,R132W,1
Q9P243,P1126S,1
Q9P243,E324K,1
Q9P243,R734Q,1
Q9P243,H289N,1
Q9P243,R174W,1
Q9P243,G427R,1
Q9P243,V457A,1
Q9P243,R419C,1
Q9P243,R357C,1
Q9P243,R357H,1
Q9P243,E386K,1
Q9P243,T579S,1
Q8N823,P252L,1
Q8N823,S216L,1
Q8N823,K235E,1
Q8N823,S230F,1
Q8N823,E109D,1
Q8N823,S328L,1
Q8N823,S197F,1
Q8N823,R632H,1
Q8N823,R390I,1
Q8N823,R23H,1
Q8N823,R641C,1
Q8N823,S636F,1
Q8N823,P252T,1
Q8N823,R661C,1
Q8N823,R521H,1
Q8N823,R362I,1
Q8WW38,R574Q,1
Q8WW38,R752H,1
Q8WW38,P964S,1
Q8WW38,R884H,1
Q8WW38,P673S,1
Q8WW38,A1026V,1
Q8WW38,R1039Q,1
Q8WW38,P676L,1
Q8WW38,L391R,1
Q8WW38,R902Q,1
Q8WW38,P15S,1
Q8WW38,R393K,1
Q8WW38,S541N,1
Q8WW38,D715N,1
Q8WW38,E286K,1
Q8WW38,R526W,1
Q8WW38,R734H,1
Q8WW38,G1093E,1
Q8WW38,E419K,1
Q8WW38,Q980K,1
Q8WW38,D906N,1
Q8WW38,S933L,1
Q8WW38,E31K,1
Q8WW38,G977E,1
Q8WW38,L449P,1
Q8WW38,S802F,1
Q8WW38,P392S,1
Q8WW38,S822F,1
Q8WW38,S1064F,1
Q8WW38,R842Q,1
Q8WW38,E700K,1
Q8WW38,R713H,1
Q8WW38,R364Q,1
Q8WW38,N659S,1
Q8WW38,A871T,1
Q8WW38,R260W,1
Q8WW38,S7Y,1
Q8WW38,M218L,1
Q8WW38,G371S,1
Q8WW38,D68N,1
Q8WW38,S84P,1
Q8WW38,P330S,1
Q8WW38,E910K,1
Q8WW38,S926F,1
Q8WW38,A432V,1
Q8WW38,Q622R,1
Q8WW38,E778K,1
Q8WW38,E58K,1
Q8WW38,P130S,1
Q8WW38,P878L,1
Q8WW38,A403G,1
Q8WW38,L317P,1
Q8WW38,N137S,1
Q8WW38,R112Q,1
Q8WW38,S139Y,1
Q8WW38,R736C,1
Q8WW38,S603F,1
Q8WW38,E681K,1
Q8WW38,E1011D,1
Q8WW38,A333V,1
Q8WW38,G986E,1
Q8WW38,P1095S,1
Q8WW38,G88R,1
Q8WW38,P983S,1
Q8WW38,P673H,1
Q8WW38,G1040E,1
Q8WW38,Q874H,1
Q8WW38,E43D,1
Q8WW38,H351Y,1
Q8WW38,G179S,1
Q8WW38,S1031Y,1
Q8WW38,R734C,1
Q8WW38,Q1006H,1
Q8WW38,D789N,1
Q8WW38,V538I,1
Q8WW38,E1070K,1
Q8WW38,Q1100E,1
O75840,S140L,1
O75840,R41H,1
O75840,S106F,1
O75840,Q240H,1
O75840,R227W,1
O75840,S73F,1
Q96BR9,V110I,1
Q96BR9,D323N,1
Q96JM2,M1069I,1
Q96JM2,E1055K,1
Q96JM2,R1872L,1
Q96JM2,P1748L,1
Q96JM2,S983L,1
Q96JM2,E899K,1
Q96JM2,V655I,1
Q96JM2,R763T,1
Q96JM2,G1311R,1
Q96JM2,A1231T,1
Q96JM2,R2116W,1
Q96JM2,P636S,1
Q96JM2,R1709H,1
Q96JM2,R2114M,1
Q96JM2,Q759H,1
Q96JM2,V210I,1
Q96JM2,E698K,1
Q96JM2,R1227W,1
Q96JM2,E222K,1
Q96JM2,P550L,1
Q96JM2,R1203W,1
Q96JM2,P351S,1
Q96JM2,E1421K,1
Q96JM2,R1709C,1
Q96JM2,S2129F,1
Q96JM2,S1271L,1
Q96JM2,E1377K,1
Q96JM2,T585M,1
Q96JM2,F625L,1
Q96JM2,A1800T,1
Q96JM2,R310W,1
Q96JM2,R856Q,1
Q96JM2,V1810I,1
Q96JM2,K2131N,1
Q96JM2,R1847C,1
Q96JM2,L663I,1
Q96JM2,P684S,1
Q96JM2,S339L,1
Q96JM2,G2107R,1
Q96JM2,N1462T,1
Q96JM2,P536L,1
Q96JM2,S504F,1
P41182,S444I,1
P41182,A531G,1
P41182,H652Y,1
P41182,A531D,1
P41182,G570S,1
P41182,H596Y,1
P41182,R270Q,1
P41182,A104V,1
P41182,R325W,1
P41182,C604W,1
P41182,R459C,1
P41182,R618C,1
P41182,R550H,1
P41182,P586S,1
P41182,R640W,1
P41182,P473L,1
P41182,R289Q,1
P41182,R638H,1
P41182,E605K,1
P41182,A531T,1
P41182,R140H,1
P41182,L622R,1
P41182,A562P,1
P41182,S3L,1
P41182,A587G,1
P41182,R459H,1
P41182,T476M,1
P41182,R122W,1
P41182,A313V,1
P41182,A587D,1
P41182,T496M,1
P41182,A587T,1
P41182,R594G,1
P41182,T12P,1
P41182,A493T,1
P41182,R674Q,1
P41182,R594Q,1
P41182,A683T,1
P41182,R618Q,1
P41182,R585Q,1
P41182,D17V,1
P41182,R585W,1
Q9NSC2,S470F,1
Q9NSC2,R498C,1
Q9NSC2,P78S,1
Q9NSC2,P521S,1
Q9NSC2,R995W,1
Q9NSC2,A42V,1
Q9NSC2,S202R,1
Q9NSC2,G1280E,1
Q9NSC2,P512L,1
Q9NSC2,S854L,1
Q9NSC2,E1251K,1
Q9NSC2,R47W,1
Q9NSC2,S812F,1
Q9NSC2,E248K,1
Q9NSC2,E1088K,1
Q9NSC2,M98I,1
Q9NSC2,V226I,1
Q9NSC2,H1023Y,1
Q9NSC2,M1247I,1
Q9NSC2,S1080L,1
Q9NSC2,R1310H,1
Q9NSC2,H752N,1
Q9NSC2,E83K,1
Q9NSC2,S373L,1
Q9NSC2,D800N,1
Q9NSC2,D896N,1
Q9NSC2,P94S,1
Q9NSC2,S418F,1
Q9NSC2,T572M,1
Q9NSC2,T745M,1
Q9NSC2,A171V,1
Q9NSC2,A225T,1
Q9NSC2,G1226E,1
Q9NSC2,D15N,1
Q9NSC2,M872T,1
Q9NSC2,R1036C,1
Q9NSC2,A652T,1
Q9NSC2,R741W,1
Q9NSC2,E668K,1
Q9NSC2,R276Q,1
Q9NSC2,A206V,1
Q9NSC2,D112N,1
Q9NSC2,R603K,1
Q9NSC2,E51K,1
Q9NSC2,E76K,1
Q9NSC2,R35H,1
Q9NSC2,T776M,1
Q9NSC2,T935M,1
Q9NSC2,G160S,1
Q9NSC2,S157G,1
Q9NSC2,E613K,1
Q9NSC2,R469C,1
Q9NSC2,A584S,1
Q9NSC2,A864T,1
Q9NSC2,P675S,1
Q9NSC2,G46D,1
Q9NSC2,S861L,1
Q9NSC2,A646V,1
Q9NSC2,V1315M,1
Q9NSC2,S373F,1
Q9NSC2,R251C,1
Q9NSC2,P1230S,1
Q9NSC2,R47Q,1
Q9NSC2,D1220N,1
Q9NSC2,M909I,1
Q9NSC2,E213K,1
Q9NSC2,S287F,1
Q9BXA9,S560F,1
Q9BXA9,R969H,1
Q9BXA9,G884R,1
Q9BXA9,A895T,1
Q9BXA9,R1003Q,1
Q9BXA9,A1057T,1
Q9BXA9,R759C,1
Q9BXA9,G1089R,1
Q9BXA9,P637L,1
Q9BXA9,T658M,1
Q9BXA9,A1217S,1
Q9BXA9,S567L,1
Q9BXA9,G727S,1
Q9BXA9,A611T,1
Q9BXA9,P830Q,1
Q9BXA9,A124V,1
Q9BXA9,A58T,1
Q9BXA9,S835L,1
Q9BXA9,G1266S,1
Q9BXA9,P938L,1
Q9BXA9,T1288M,1
Q9BXA9,V1232I,1
Q9BXA9,D610N,1
Q9BXA9,R1264C,1
Q9BXA9,C1146F,1
Q9BXA9,V518M,1
Q9BXA9,A1082V,1
Q9BXA9,E930K,1
Q9BXA9,R1003W,1
Q9BXA9,D878N,1
Q9BXA9,D873N,1
Q9BXA9,D817A,1
Q9BXA9,A7T,1
Q9BXA9,A381T,1
Q9BXA9,A386T,1
Q9BXA9,V371I,1
Q9BXA9,S881L,1
Q9BXA9,D797N,1
Q9BXA9,E993K,1
Q9BXA9,A627T,1
Q9BXA9,D786N,1
Q9BXA9,R889H,1
Q9BXA9,V491M,1
Q9BXA9,S976I,1
Q9BXA9,D885N,1
Q9BXA9,G1236S,1
Q9BXA9,V1207I,1
Q9BXA9,R1174H,1
Q9BXA9,R1285H,1
Q9BXA9,E54K,1
Q9BXA9,V1084I,1
Q9BXA9,L593V,1
Q9BXA9,P770L,1
Q9BXA9,R874H,1
Q9BXA9,T724M,1
Q9BXA9,A537T,1
Q9BXA9,P376L,1
Q9BXA9,A392V,1
Q9BXA9,T533A,1
Q9BXA9,N670Y,1
Q9BXA9,A88V,1
Q9BXA9,R1289W,1
Q9BXA9,P648S,1
Q9BXA9,A1277V,1
Q13105,A672V,1
Q13105,R155H,1
Q13105,R155C,1
Q13105,V521I,1
Q13105,R562C,1
Q13105,E264K,1
Q13105,R169C,1
Q13105,A94V,1
Q13105,R625W,1
Q13105,G368W,1
Q13105,G286W,1
Q5EBL2,V439A,1
Q5EBL2,H170L,1
Q5EBL2,T234A,1
Q5EBL2,R554H,1
Q5EBL2,S1043F,1
Q5EBL2,R620H,1
Q5EBL2,R146C,1
Q5EBL2,R555H,1
Q5EBL2,R224C,1
Q5EBL2,P964S,1
Q5EBL2,T289M,1
Q5EBL2,T290M,1
Q5EBL2,R756H,1
Q5EBL2,V854I,1
Q5EBL2,A738T,1
Q9BU19,R467H,1
Q9BU19,P185R,1
Q9BU19,P187H,1
Q9BU19,P232H,1
Q9BU19,S358F,1
Q9BU19,P237H,1
Q9BU19,A6V,1
Q01954,R402Q,1
Q01954,P667S,1
Q01954,R347K,1
Q01954,T444P,1
Q01954,R107W,1
Q01954,R611C,1
Q01954,R114W,1
Q01954,R107C,1
Q01954,R971C,1
Q01954,L426F,1
Q01954,R114Q,1
Q01954,E526K,1
Q01954,H983Y,1
Q01954,S968L,1
Q01954,T497M,1
Q01954,R973Q,1
Q01954,P308L,1
Q01954,R826Q,1
Q01954,A378V,1
Q01954,R953W,1
Q01954,T504M,1
Q01954,G225E,1
Q01954,A407T,1
Q01954,H976Y,1
Q01954,A531V,1
Q01954,R107Q,1
Q01954,G49R,1
Q01954,R107H,1
Q01954,P660S,1
Q01954,E390K,1
Q01954,V106I,1
Q01954,R172C,1
Q9NQV6,P28A,1
Q9NQV6,R550H,1
Q9NQV6,T1062M,1
Q9NQV6,E419K,1
Q9NQV6,S57F,1
Q9NQV6,R524Q,1
Q9NQV6,G85D,1
Q9NQV6,V307M,1
Q9NQV6,D143N,1
Q9NQV6,R203W,1
Q9NQV6,T909M,1
Q9NQV6,E444D,1
Q9NQV6,V333M,1
Q9NQV6,P209L,1
Q9NQV6,A22T,1
Q9NQV6,A327T,1
Q9NQV6,R770C,1
Q9NQV6,V241I,1
Q9UJW7,G680E,1
Q9UJW7,R388Q,1
Q9UJW7,E110K,1
Q9UJW7,G485S,1
Q9UJW7,G118V,1
Q9UJW7,E88K,1
Q9UJW7,D218N,1
Q9UJW7,P149L,1
Q9UJW7,R704W,1
Q9UJW7,R676Q,1
Q9UJW7,S417N,1
Q9UJW7,R812Q,1
Q9UJW7,R331H,1
Q9UJW7,E290D,1
Q9UJW7,R326H,1
Q9UJW7,V330I,1
Q9UJW7,T791M,1
Q9UJW7,R779H,1
Q9UJW7,D207N,1
Q9UJW7,P404L,1
Q9UJW7,E269K,1
Q9UJW7,R582W,1
Q9UJW7,E737K,1
Q9UJW7,R313K,1
Q9UJW7,G662R,1
Q9UJW7,T679M,1
Q9UJW7,P343S,1
Q9UJW7,S362L,1
Q9UJW7,G596E,1
Q9UJW7,G680R,1
Q9UJW7,E821K,1
Q9UJW7,R816I,1
Q9UJW7,T797M,1
Q9UJW7,R337H,1
Q9UJW7,T148M,1
Q9UJW7,D277N,1
Q9UJW7,R555Q,1
Q9BUG6,R120Q,1
Q9BUG6,P258Q,1
Q9BUG6,R173C,1
Q9BUG6,V416I,1
Q9BUG6,E81K,1
Q9BUG6,V45M,1
Q9BUG6,P354L,1
Q9BUG6,M106I,1
Q9BUG6,G464R,1
Q9BUG6,S273F,1
Q9BUG6,L396F,1
Q9BUG6,G286W,1
Q9BUG6,P259Q,1
Q9BUG6,N287S,1
Q9BUG6,G337V,1
Q9BUG6,S305F,1
Q9BUG6,D114Y,1
Q9BUG6,M105K,1
Q9BUG6,M106V,1
Q9BWW7,R26C,1
Q9BWW7,P345H,1
Q96ME7,E491K,1
Q96ME7,R207C,1
Q96ME7,K525Q,1
Q96ME7,R141C,1
Q96ME7,E414K,1
Q96ME7,R129Q,1
Q96ME7,R142C,1
Q96ME7,G95V,1
Q96ME7,H458Y,1
Q96ME7,S60L,1
Q96ME7,G311E,1
Q96ME7,R376C,1
Q96ME7,R337Q,1
Q96ME7,S314F,1
Q96ME7,E490K,1
Q96ME7,R405H,1
Q96ME7,R376H,1
Q96ME7,S59L,1
Q96ME7,R405C,1
Q96ME7,K554Q,1
Q8N2I2,R404I,1
Q8N2I2,S369L,1
Q8N2I2,C389R,1
Q8N2I2,H406Y,1
Q8N2I2,S341L,1
Q8N2I2,N256S,1
Q8N2I2,R348I,1
Q8N2I2,N228S,1
Q8N2I2,R320I,1
Q8N2I2,H558R,1
Q8N2I2,E160Q,1
P19544,R363G,1
P19544,R417H,1
P19544,S121R,1
P19544,R372H,1
P19544,R417C,1
P19544,R363Q,1
P19544,R372C,1
O43474,G320S,1
O43474,L91P,1
O43474,M10K,1
O43474,N186Y,1
O43474,H287Y,1
O43474,D101E,1
O43474,A472T,1
Q9ULD5,T659M,1
Q9ULD5,F722Y,1
Q9ULD5,R70W,1
Q9ULD5,R541H,1
Q9ULD5,K307R,1
Q9ULD5,E434K,1
Q9ULD5,T213M,1
Q9ULD5,A577T,1
Q9ULD5,S707L,1
Q9ULD5,R339H,1
Q9ULD5,T180M,1
Q9ULD5,R339C,1
Q9ULD5,S527N,1
Q9ULD5,R746G,1
Q9ULD5,R584W,1
Q9ULD5,A221V,1
Q9ULD5,A512T,1
Q8N554,G163S,1
Q8N554,W263R,1
Q8N554,D380G,1
Q8N554,R410Q,1
Q8N554,R424H,1
Q8N554,R562Q,1
Q8N554,S519L,1
Q8N554,A448T,1
Q5H9K5,R596Q,1
Q5H9K5,S186F,1
Q5H9K5,D260G,1
Q5H9K5,S192F,1
Q5H9K5,E331D,1
Q6ZS27,R146H,1
Q6ZS27,P63S,1
Q6ZS27,R268I,1
Q6ZS27,R380I,1
Q6ZS27,G76R,1
Q6ZS27,P84S,1
Q6ZS27,E333K,1
Q6ZS27,D94Y,1
Q6ZS27,R240I,1
Q6ZS27,T292M,1
Q6ZS27,G51D,1
Q6ZS27,R315Q,1
Q6ZS27,A237T,1
Q6ZS27,R265H,1
Q9UL36,R502H,1
Q9UL36,A925T,1
Q9UL36,R188W,1
Q9UL36,S198L,1
Q9UL36,E475K,1
Q9UL36,S1432I,1
Q9UL36,P451L,1
Q9UL36,R499H,1
Q9UL36,A1665V,1
Q9UL36,T1410M,1
Q9UL36,K459N,1
Q9UL36,S299N,1
Q9UL36,T533M,1
Q9UL36,T326M,1
Q9UL36,A520T,1
Q9UL36,T1570M,1
Q9UL36,A1764V,1
Q9UL36,S1480L,1
Q9UL36,T531M,1
Q9UL36,P616S,1
Q9UL36,R480H,1
Q9UL36,R1148H,1
Q9UL36,R1187Q,1
Q9UL36,R576G,1
Q9UL36,E817K,1
Q9UL36,V521A,1
Q9UL36,T328M,1
Q9UL36,R188Q,1
Q9UL36,H84Y,1
Q9UL36,A1132T,1
Q9UL36,T302M,1
Q9UL36,K457N,1
Q9UL36,R705I,1
Q9UL36,R274Q,1
Q9UL36,E458K,1
Q9NX58,V266M,1
Q9NX58,A229D,1
Q9NX58,D176G,1
Q96SZ4,A595V,1
Q96SZ4,R617C,1
Q96SZ4,A539V,1
Q96SZ4,A250T,1
Q96SZ4,A350V,1
Q96SZ4,E670K,1
Q96SZ4,E194K,1
Q96SZ4,E198D,1
Q96SZ4,E96K,1
Q96SZ4,R535C,1
Q96SZ4,R646C,1
Q96SZ4,R388C,1
Q96SZ4,R306C,1
Q96SZ4,E116D,1
Q96SZ4,A295V,1
Q96SZ4,R493W,1
Q96SZ4,V468M,1
Q96SZ4,A398V,1
Q96SZ4,E273K,1
Q96SZ4,R89C,1
Q96SZ4,A658V,1
Q96SZ4,D345N,1
Q96SZ4,A484V,1
Q8IZ20,P169L,1
Q8IZ20,E3K,1
Q8IZ20,R288L,1
Q8IZ20,S302F,1
Q8IZ20,P255T,1
Q8IZ20,D48G,1
Q8IZ20,R418C,1
Q8IZ20,A480V,1
Q8IZ20,H404R,1
Q8IZ20,A307T,1
Q8IZ20,L211I,1
Q8IZ20,E143K,1
Q8IZ20,K121N,1
Q8IZ20,A171V,1
Q8IZ20,H340Y,1
Q8IZ20,R434H,1
Q8IZ20,R398C,1
Q9H116,V392M,1
Q9H116,R360H,1
Q9H116,S36N,1
Q9H116,A442T,1
Q9H116,R375H,1
Q9H116,R592W,1
Q9H116,V396M,1
Q9H116,P261L,1
Q9H116,R531Q,1
Q9H116,R567H,1
Q9H116,R423Q,1
Q9H116,A449T,1
Q9H116,R427H,1
Q6P1L6,Q57K,1
Q6P1L6,S100L,1
Q6P1L6,R199C,1
Q6P1L6,R289C,1
Q6P1L6,S460F,1
Q9Y467,G360R,1
Q9Y467,T1005M,1
Q9Y467,S102F,1
Q9Y467,A41T,1
Q9Y467,P719S,1
Q9Y467,R393C,1
Q9Y467,R294Q,1
Q9Y467,R422Q,1
Q9Y467,R657S,1
Q9Y467,P457S,1
Q9Y467,T250I,1
Q9Y467,S987L,1
P08151,A920T,1
P08151,Q905E,1
P08151,P38L,1
P08151,E1030K,1
P08151,R171Q,1
P08151,P414S,1
P08151,E306K,1
P08151,R277Q,1
P08151,R218W,1
P08151,R227C,1
P08151,T711N,1
P08151,E1100Q,1
P08151,D917Y,1
P08151,R100C,1
P08151,G1012V,1
P08151,E572K,1
P08151,L88M,1
P08151,E972Q,1
P08151,V383A,1
P08151,E267K,1
P08151,R72Q,1
P08151,R637Q,1
P08151,Q777E,1
P08151,R558H,1
P08151,P566S,1
P08151,R497H,1
P08151,E316K,1
P08151,T97M,1
P08151,S89L,1
P08151,H983Q,1
P08151,S48L,1
P08151,R380Q,1
P08151,G914D,1
P08151,E972D,1
P08151,R72W,1
P08151,S1094F,1
P08151,P438S,1
P08151,A745V,1
P08151,E499K,1
P08151,R265Q,1
P08151,R113Q,1
P08151,R161W,1
Q8NCP5,V346I,1
Q8NCP5,A494T,1
Q8NCP5,K415N,1
Q8NCP5,G263S,1
Q8N8E2,C183R,0
Q8N8E2,P232S,0
Q8N8E2,V261M,0
Q8N8E2,R242C,0
Q9P243,V581M,0
Q9P243,I352V,0
Q9P243,S470C,0
Q9P243,R546W,0
Q9P243,R672K,0
Q8N823,P252I,0
Q8N823,E340G,0
Q8N823,N234I,0
Q8WW38,S210T,0
Q8WW38,D98N,0
O75840,S199L,0
Q96JM2,M404V,0
Q96JM2,T1260M,0
Q96JM2,I1736V,0
Q96JM2,K2052R,0
Q96JM2,N1995S,0
Q96JM2,N1222K,0
Q96JM2,P1187S,0
Q96JM2,C1894G,0
Q96JM2,N1828S,0
Q96JM2,T193A,0
P41182,A321V,0
P41182,T455M,0
P41182,T48M,0
P41182,N389S,0
P41182,N252S,0
P41182,E302G,0
P41182,H676Y,0
Q9NSC2,M98V,0
Q9NSC2,S88R,0
Q9NSC2,P1104A,0
Q9NSC2,T522M,0
Q9NSC2,L858Q,0
Q9NSC2,P942H,0
Q9NSC2,D1102G,0
Q9NSC2,P1127L,0
Q9NSC2,I580V,0
Q9NSC2,S382G,0
Q9NSC2,M1053L,0
Q9NSC2,N1291S,0
Q9NSC2,A79P,0
Q9NSC2,N777K,0
Q9NSC2,S158R,0
Q9NSC2,P635S,0
Q9NSC2,S850T,0
Q9NSC2,S159G,0
Q9NSC2,N342T,0
Q9NSC2,R1313H,0
Q9NSC2,T329I,0
Q9NSC2,Q13H,0
Q9NSC2,V127L,0
Q9NSC2,F670L,0
Q9NSC2,I73M,0
Q9NSC2,D443N,0
Q9NSC2,P1109L,0
Q9BU19,P230R,0
Q01954,S787G,0
Q9NQV6,T59S,0
Q9NQV6,E135D,0
Q9NQV6,T573A,0
Q9UJW7,G804R,0
P19544,R218Q,0
P19544,L281P,0
P19544,A131T,0
P19544,S273G,0
O43474,L321F,0
O43474,T315S,0
Q8N554,R351W,0
Q8N554,E605D,0
Q8N554,R275W,0
Q8N554,G560D,0
Q5H9K5,R214K,0
Q5H9K5,P605S,0
Q6ZS27,N176S,0
Q9UL36,Q360K,0
Q9UL36,P614A,0
Q9UL36,S166L,0
Q9UL36,A818T,0
Q9UL36,P614S,0
Q9UL36,I613V,0
Q96SZ4,S479C,0
Q8IZ20,H204N,0
Q8IZ20,G22V,0
Q9H116,Q275L,0
Q9H116,D432E,0
Q9H116,T601M,0
Q9H116,K318N,0
Q9H116,Q275P,0
Q9H116,D667N,0
Q9H116,T681N,0
Q9H116,N190S,0
Q9H116,Q275R,0
Q6P1L6,P520L,0
Q9Y467,P838L,0
Q9Y467,P122S,0
Q9Y467,P840R,0
Q9Y467,P838R,0
Q9Y467,P166L,0
Q9Y467,P168L,0
Q9Y467,S489G,0
Q9Y467,S75C,0
P08151,G933D,0
P08151,R405Q,0
P08151,D884A,0
P08151,E192D,0
P08151,P168R,0
Q8NCP5,K185E,0
Q9NQ03,A185V,1
Q9NQ03,A77V,1
Q9NQ03,S107F,1
Q9NQ03,T301P,1
Q9NQ03,E288Q,1
Q9NQ03,P21S,1
Q3KNW1,R282W,1
Q3KNW1,G134R,1
Q3KNW1,R266Q,1
Q96T92,R24S,1
Q96T92,F37L,1
Q96T92,E198K,1
Q96T92,R70Q,1
Q96T92,G515V,1
Q96T92,V289I,1
P24278,R314W,1
O15156,E237V,1
O15156,R205Q,1
O15156,V283A,1
O15156,K388N,1
O15156,R363C,1
O15156,D416G,1
O15156,E271V,1
O15156,R447C,1
O15156,R428W,1
O15156,R394W,1
O15156,A327E,1
P0CG40,A241S,1
P0CG40,A453S,1
P0CG40,G76S,1
P0CG40,A462V,1
P0CG40,G77R,1
Q9BRP0,D115N,1
Q9BRP0,F128L,1
Q9BRP0,R210W,1
Q9BRP0,R164K,1
Q9BRP0,G220S,1
Q9BRP0,R129C,1
Q9BRP0,K26E,1
O95365,K424T,1
O95365,K424N,1
O95365,R402C,1
O95365,A561T,1
O95365,G10R,1
O95365,R49H,1
O95365,D452N,1
O95365,G513R,1
O95365,A251T,1
O95365,R430W,1
Q9Y2Y9,R152Q,1
Q9Y2Y9,R216W,1
Q9Y2Y9,R28W,1
Q96MM3,F245V,1
Q96MM3,R255L,1
Q96MM3,R246W,1
Q96MM3,D216H,1
Q96MM3,A220V,1
Q96MM3,G64R,1
Q96MM3,A38V,1
Q96MM3,G19R,1
Q96MM3,V266M,1
Q96MM3,T270M,1
Q96MM3,T264M,1
Q96MM3,S140L,1
Q96MM3,G309R,1
Q96MM3,V227I,1
Q96MM3,A187T,1
Q96MM3,A169T,1
Q96MM3,E39K,1
Q96MM3,G253R,1
Q96MM3,G309E,1
Q96MM3,H217N,1
Q96MM3,V76I,1
Q96MM3,V276M,1
Q9Y4X4,R388W,1
Q9Y4X4,R384C,1
Q9Y4X4,P166L,1
Q9Y4X4,R122H,1
Q9Y4X4,E352D,1
Q9Y4X4,S118L,1
Q9UQR1,R269C,1
Q9UQR1,H249Y,1
Q9UQR1,P583Q,1
Q9UQR1,T353I,1
Q9UQR1,S767L,1
Q9UQR1,L155F,1
Q9UQR1,A488V,1
Q9UQR1,T182M,1
Q9UQR1,R247I,1
Q9UQR1,H241D,1
Q9UQR1,P770S,1
Q6ZN18,A122V,1
Q6ZN18,A198E,1
Q6ZN18,G65W,1
Q6ZN18,R388Q,1
Q6ZN18,R389H,1
Q6ZN18,R347H,1
Q14119,M502V,1
Q14119,R213S,1
Q14119,R91C,1
Q14119,R210C,1
Q14119,H220R,1
P56270,A253G,1
P56270,A383V,1
P56270,A158V,1
P56270,K216N,1
P56270,A78V,1
Q5SVQ8,R506W,1
Q5SVQ8,D880Y,1
Q5SVQ8,G898C,1
Q5SVQ8,R826C,1
Q5SVQ8,V653I,1
Q5SVQ8,Y426F,1
Q5SVQ8,L91I,1
Q5SVQ8,R503W,1
Q5SVQ8,V106I,1
Q5SVQ8,R525H,1
Q5SVQ8,R688Q,1
Q6BEB4,A75T,1
Q6BEB4,A395V,1
Q7RTV3,G221R,1
Q7RTV3,R168H,1
Q7RTV3,S181L,1
Q7RTV3,R241H,1
Q7RTV3,R178W,1
Q7RTV3,R285C,1
Q7RTV3,R154H,1
Q7RTV3,R217C,1
Q86VK4,R327Q,1
Q86VK4,A145T,1
O43298,E455K,1
O43298,A262T,1
O43298,E249K,1
O43298,R9W,1
O43298,S16F,1
O43298,G406S,1
Q8NHY6,R465Q,1
Q8NHY6,R777I,1
Q8NHY6,S404N,1
Q8NHY6,R166Q,1
Q8NHY6,G557R,1
Q8NHY6,R493H,1
Q8NHY6,S154L,1
Q8NHY6,H695Y,1
Q8NHY6,S584F,1
Q8NHY6,R291Q,1
Q8NHY6,A620V,1
Q8NHY6,R833Q,1
Q8NHY6,R440I,1
Q8NHY6,S141W,1
Q8NHY6,R748H,1
Q8NHY6,R493C,1
Q8NHY6,R637I,1
Q8NHY6,R242H,1
O15062,T558S,1
O15062,W667R,1
O15062,P219L,1
O15062,P489L,1
O15062,A257V,1
O15062,R377Q,1
Q5T0B9,P92L,1
Q5T0B9,A354T,1
Q5T0B9,A267T,1
Q5T0B9,H57P,1
Q5T0B9,P258L,1
Q96PM9,P163L,1
Q96PM9,R199W,1
Q96PM9,R82C,1
Q96PM9,S75F,1
Q96PM9,P183L,1
Q9GZV8,V205I,1
Q9GZV8,R505C,1
Q9GZV8,R109W,1
Q9GZV8,R448W,1
Q9GZV8,A63P,1
Q9GZV8,P377L,1
Q9GZV8,R439Q,1
Q9GZV8,D429N,1
Q9GZV8,A275T,1
Q9GZV8,S312R,1
Q9GZV8,S525C,1
Q9GZV8,G406W,1
Q9GZV8,A290V,1
Q9GZV8,A74V,1
Q9GZV8,R505H,1
P17010,R764W,1
P17010,E321K,1
P17010,P775S,1
P17010,S768F,1
P17010,V144I,1
P17010,R786Q,1
Q6NUN9,R511W,1
Q6NUN9,E205D,1
Q6NUN9,P605L,1
Q6NUN9,R550C,1
Q6NUN9,G238V,1
Q6NUN9,P11S,1
Q6NUN9,D640N,1
Q6NUN9,V563M,1
Q6NUN9,P248L,1
Q6NUN9,R38Q,1
Q6NUN9,P142S,1
Q6NUN9,A181T,1
Q6NUN9,A470T,1
Q6NUN9,R564W,1
Q6NUN9,T131M,1
Q9UIH9,R407W,1
Q9UIH9,P18Q,1
Q9UIH9,P356S,1
Q9UIH9,V415M,1
Q9UIH9,R344W,1
Q9UIH9,P126S,1
Q9UIH9,G302S,1
Q9UIH9,S369L,1
Q9UIH9,G93S,1
Q8IXZ3,G145C,1
Q8IXZ3,S18F,1
Q8IXZ3,G138S,1
Q8IXZ3,S36F,1
Q9HBE1,Y605C,1
Q9HBE1,S23N,1
Q9HBE1,R458C,1
Q9HBE1,S494I,1
Q9HBE1,E685D,1
Q9HBE1,R39G,1
O15090,A465V,1
O15090,T688M,1
O15090,P161L,1
O15090,A167V,1
O15090,G351S,1
O15090,E66K,1
O15090,P24L,1
O15090,S878L,1
O15090,V1218I,1
O15090,T303P,1
O15090,S748L,1
O15090,R638W,1
O15090,G951R,1
O15090,P517S,1
O15090,R209W,1
O15090,D1101N,1
O15090,F359L,1
O15090,T1152I,1
O15090,G1094S,1
O15090,E16D,1
O15090,G1220R,1
O15090,G337S,1
O15090,P891S,1
O15090,C1291R,1
O15090,R99K,1
O15090,E549K,1
O15090,V25I,1
O15090,E57K,1
O15090,P1135H,1
O15090,G556R,1
O15090,E660K,1
O15090,P133L,1
O15090,R189C,1
O15090,D1032N,1
O15090,L976P,1
O15090,V518M,1
O15090,M1068I,1
O15090,T789M,1
O15090,P1255L,1
O15090,G847E,1
O15090,S405F,1
O15090,P1251L,1
O15090,A424T,1
O15090,G1137R,1
O15090,V567M,1
O15090,D606N,1
O15090,A308V,1
O15090,R742H,1
O15090,R671W,1
O15090,D1179N,1
O15090,E1176K,1
O15090,R655W,1
O15090,A62T,1
O15090,R1030H,1
O15090,V1100M,1
O15090,S986F,1
O15090,P497L,1
O15090,R657H,1
O15090,R381C,1
O15090,S400L,1
O15090,A1028V,1
O15090,R805W,1
O15090,A710V,1
O15090,R546H,1
O15090,E312K,1
O15090,S964F,1
O15090,H869Y,1
O15090,R193C,1
O15090,E448K,1
O15090,E1186K,1
O15090,G186C,1
O15090,T151M,1
O15090,P481L,1
O15090,S929F,1
O15090,S894R,1
O15090,M1016I,1
O15090,V735I,1
O15090,G814V,1
O15090,T153M,1
O15090,G901R,1
O15090,V70M,1
O15090,E727K,1
O15090,S1056L,1
O15090,R671Q,1
O15090,R505W,1
O15090,R641H,1
O15090,S763F,1
O15090,R294H,1
O15090,R505Q,1
O15090,D1204N,1
O15090,R53W,1
O15090,D606E,1
O15090,S341L,1
O15090,G637S,1
O15090,A308T,1
O15090,D119N,1
O15090,R140H,1
O15090,V1267I,1
O15090,M626I,1
O15090,D923N,1
O15090,R641C,1
O15090,R742C,1
O15090,V248I,1
O15090,A1126T,1
O15090,E969D,1
O15090,E49K,1
O15090,H649L,1
Q96K83,G789S,1
Q96K83,E764K,1
Q96K83,A1103T,1
Q96K83,R937Q,1
Q96K83,D889N,1
Q96K83,R967Q,1
Q96K83,S678F,1
Q96K83,G1251W,1
Q96K83,V1145I,1
Q96K83,R159C,1
Q96K83,S848F,1
Q96K83,R161Q,1
Q96K83,V879I,1
Q96K83,E748K,1
Q96K83,P465T,1
Q96K83,T1113M,1
Q96K83,V1097M,1
Q96K83,R208H,1
Q96K83,R907Q,1
Q96K83,R1021C,1
Q96K83,R723C,1
Q96K83,K309N,1
Q96K83,P1186L,1
Q96K83,E288K,1
Q96K83,P473S,1
Q96K83,T1175M,1
Q96K83,E942K,1
Q96K83,E40K,1
Q96K83,E836K,1
Q96K83,E484K,1
Q96K83,K784T,1
Q96K83,P913L,1
Q96K83,G1106C,1
Q96K83,T980M,1
Q96K83,F513L,1
Q96K83,A387T,1
Q96K83,Y643H,1
Q96K83,R159H,1
Q96K83,R163H,1
Q96K83,R991Q,1
Q96K83,D873N,1
Q96K83,R629H,1
Q96K83,T357M,1
Q96K83,F481V,1
Q96K83,H1038Y,1
Q96K83,S568L,1
Q96K83,R163C,1
Q05215,A268T,1
Q05215,A551T,1
Q05215,R569C,1
Q05215,A89T,1
Q05215,K305M,1
Q05215,R100W,1
Q05215,P392S,1
Q05215,P234S,1
Q05215,P392H,1
Q05215,A331T,1
Q05215,P179S,1
Q05215,P282S,1
Q96C55,P51S,1
Q96C55,G148S,1
Q9H5V7,T350P,1
Q9H5V7,R130C,1
Q9H5V7,R123H,1
Q96JB3,R137H,1
Q96JB3,P287S,1
Q96JB3,R9W,1
Q96JB3,R58W,1
Q96JB3,R553W,1
Q96JB3,R581H,1
Q96JB3,R352W,1
Q96JB3,E586K,1
Q96JB3,R545C,1
Q96JB3,R569H,1
Q96JB3,G215C,1
Q96JB3,R182H,1
Q96JB3,H60Y,1
Q96C00,P245S,1
Q96C00,P259S,1
Q96C00,R383C,1
Q96C00,R109P,1
Q9ULJ3,V749I,1
Q9ULJ3,E807K,1
Q9ULJ3,R24C,1
Q9ULJ3,R782H,1
Q9ULJ3,R342L,1
Q9ULJ3,A678V,1
Q9ULJ3,P693S,1
Q9ULJ3,K218Q,1
Q9ULJ3,S345L,1
Q9ULJ3,R926C,1
Q9ULJ3,R725C,1
Q9ULJ3,N185S,1
Q9ULJ3,R792W,1
Q9ULJ3,E95V,1
Q9ULJ3,E53K,1
A6NFI3,L210P,1
Q96NC0,K35N,1
Q96NC0,R50W,1
Q96NC0,R113H,1
Q9Y2X9,R365H,1
Q9Y2X9,V173A,1
Q9Y2X9,G34S,1
Q9Y2X9,G421S,1
Q9Y2X9,A662T,1
Q9Y2X9,H265Q,1
Q9Y2X9,S683G,1
Q8N1W2,P139S,1
Q8N1W2,P189A,1
Q8N1W2,E210D,1
Q8N1W2,R386C,1
Q8N1W2,G624S,1
Q8N1W2,E116K,1
Q9BXK1,R155H,1
P10075,P14L,1
P10075,P22L,1
P10075,E271Q,1
P10075,F72L,1
P10075,A180T,1
Q8TF68,A327T,1
Q8TF68,P550S,1
Q8TF68,A499S,1
Q8TF68,A383S,1
Q8TF68,P119L,1
Q8TF68,S330F,1
O60870,H299Y,1
O60870,R276Q,1
O60870,E97K,1
O60870,A170T,1
Q8N895,A494V,1
Q8N895,R326C,1
Q8N895,P120L,1
Q8N895,V244M,1
Q8N895,R456Q,1
Q8N895,E72K,1
Q8N895,G36E,1
Q8N895,T284M,1
Q8N895,E4K,1
Q8N895,R475C,1
Q8N895,G274D,1
Q8N895,H181Y,1
Q8N895,K20E,1
Q8N895,R56W,1
Q8N895,R326H,1
Q8N895,S485G,1
Q8N895,R140H,1
Q8N895,R215Q,1
P52739,N420S,1
P10074,V626A,1
P10074,M482I,1
Q05516,E417K,1
Q05516,S471L,1
Q05516,E311V,1
Q05516,R285Q,1
Q05516,R148H,1
Q05516,R498C,1
Q05516,D101N,1
Q05516,R538C,1
Q05516,E575K,1
Q05516,R516C,1
Q05516,P658L,1
Q05516,S351F,1
Q05516,P283L,1
Q05516,T91M,1
Q05516,D35N,1
Q05516,K582T,1
Q05516,V515M,1
O75541,R331W,1
O75541,R26H,1
O75541,R278C,1
O75541,R256H,1
O75541,T65M,1
O75541,T279M,1
Q9UID6,Y151C,1
Q9UID6,R382W,1
Q5T7W0,S385L,1
Q5T7W0,E880D,1
Q5T7W0,R656H,1
Q5T7W0,A736V,1
Q5T7W0,R868Q,1
Q5T7W0,G150R,1
Q5T7W0,T552P,1
Q5T7W0,R936W,1
Q5T7W0,R167W,1
Q5T7W0,R934W,1
Q5T7W0,Y392F,1
Q5T7W0,A929V,1
Q5T7W0,T740M,1
Q5T7W0,A24V,1
Q5T7W0,E847D,1
Q5T7W0,R589H,1
Q5T7W0,S352L,1
Q5T7W0,S642L,1
Q5T7W0,S609L,1
Q96KM6,V511I,1
Q96KM6,R26Q,1
Q96KM6,A489T,1
Q96KM6,I200V,1
Q96KM6,V799I,1
Q96KM6,R785H,1
Q96KM6,V270I,1
Q96KM6,G373C,1
Q96KM6,G21R,1
Q96KM6,V248I,1
Q96KM6,R335H,1
Q96KM6,P299T,1
Q96KM6,R457C,1
Q96KM6,P305L,1
Q96KM6,V288M,1
Q96KM6,P253S,1
Q96KM6,D705N,1
Q96KM6,R681C,1
Q96KM6,P229L,1
Q96KM6,R10C,1
Q96KM6,V188I,1
Q96KM6,R335C,1
Q96KM6,M372V,1
Q96KM6,T277M,1
Q96KM6,R76W,1
Q9Y2K1,P186L,1
Q9Y2K1,C227Y,1
Q9Y2K1,R619C,1
Q9Y2K1,Y372F,1
Q9Y2K1,T247I,1
P59923,A529V,1
P59923,D878G,1
P59923,L944V,1
P59923,D544N,1
P59923,P741S,1
P59923,G836V,1
P59923,H858Y,1
P59923,A1022T,1
P59923,P951S,1
P59923,S17L,1
P59923,H647R,1
P59923,R81C,1
P59923,S1019L,1
Q8NAP8,G195S,1
Q8NAP8,R286H,1
Q9Y2D9,K327N,1
Q9Y2D9,P517S,1
Q9Y2D9,H463Y,1
Q9Y2D9,E296K,1
Q9Y2D9,H569Y,1
Q9Y2D9,D96H,1
Q9Y2D9,S88F,1
Q9Y2D9,N305K,1
Q9Y2D9,E392Q,1
Q9Y2D9,E360K,1
Q9H8N7,R444W,1
Q9H8N7,S390L,1
Q9H8N7,P232L,1
Q9H8N7,S435F,1
Q9H8N7,G10R,1
Q9H8N7,Q236P,1
Q17R98,S286T,1
Q17R98,R236Q,1
Q17R98,S518L,1
Q17R98,S102F,1
Q17R98,E305D,1
Q17R98,G1074S,1
Q17R98,P40S,1
Q17R98,A545T,1
Q17R98,R413H,1
Q17R98,S66F,1
Q17R98,V883I,1
Q17R98,S157F,1
Q17R98,K355N,1
O75362,A671T,1
O75362,T548I,1
O75362,E660G,1
O75362,D323N,1
O75362,S513C,1
O75362,P915S,1
O75362,E914D,1
O75362,S360F,1
O75362,G432R,1
O75362,V739I,1
O75362,P868H,1
O75362,A549T,1
O75362,D889G,1
Q02086,G208D,1
Q02086,R357H,1
Q02086,G226R,1
Q02086,A134V,1
Q02086,R500W,1
Q02086,A588T,1
Q9H2S9,R9H,1
Q9H2S9,R466W,1
Q9H2S9,R570Q,1
Q9H2S9,E291K,1
Q9H2S9,E354K,1
Q9H2S9,R204C,1
Q9H2S9,E334K,1
Q9H2S9,S180N,1
Q9H2S9,R325H,1
Q9H2S9,R10H,1
Q9Y2Y4,A42T,1
Q9Y2Y4,R291Q,1
Q9Y2Y4,E139K,1
Q9Y2Y4,R174S,1
Q9Y2Y4,S314P,1
Q9Y2Y4,R227C,1
Q9Y2Y4,R227H,1
Q9Y2Y4,P427S,1
Q9Y2Y4,S248L,1
P0CG31,L510F,1
P0CG31,N161H,1
P0CG31,R338Q,1
P0CG31,T490S,1
P0CG31,R431I,1
P0CG31,R487I,1
P0CG31,P466S,1
P0CG31,V13A,1
P0CG31,R292I,1
Q5TC79,L159F,1
Q5TC79,G330W,1
Q5TC79,S437R,1
P0CJ78,A129T,1
P0CJ78,R259S,1
P0CJ78,V816A,1
P0CJ78,D209G,1
P0CJ78,G1045R,1
P0CJ78,S644F,1
P0CJ78,A179V,1
P0CJ78,K905N,1
P0CJ78,C937Y,1
Q9UKN5,H318Y,1
Q9UKN5,R700C,1
Q9UKN5,P434S,1
Q9UKN5,G279D,1
Q9UKN5,H618Y,1
Q9UKN5,L303F,1
Q9H5J0,R258W,1
Q9H5J0,R89W,1
Q9H5J0,R26G,1
Q9H5J0,M79T,1
Q9H5J0,S13L,1
Q9H5J0,R89G,1
B2RXF5,R326Q,0
B2RXF5,E232K,0
B2RXF5,A134T,0
O00488,R6Q,0
Q9P2Y4,R105H,1
Q9P2Y4,R118C,1
Q9P2Y4,A14V,1
Q9P2Y4,A657V,1
Q9P2Y4,S463C,1
Q9P2Y4,R111C,1
Q9P2Y4,G557S,1
Q9P2Y4,A303V,1
Q9P2Y4,S506C,1
Q9P2Y4,Q229P,1
Q9P2Y4,R524W,1
Q9P2Y4,H181Y,1
P18146,R375C,1
P18146,R322C,1
P18146,S42N,1
P18146,T356P,1
P18146,A182T,1
P18146,S529L,1
P18146,R375H,1
P18146,K34N,1
P18146,P451S,1
P18146,A397T,1
P18146,S350P,1
P18146,R327Q,1
P18146,S42T,1
P18146,D198N,1
O15209,A189V,1
O15209,F127C,1
O15209,R362H,1
O15209,E591G,1
O15209,P418L,1
Q9NW07,E176K,1
Q9NW07,R311H,1
Q9NW07,L471V,1
Q9NW07,G325C,1
Q9NW07,P101S,1
Q9NW07,A143T,1
Q9NW07,P294L,1
Q9UDV7,D363G,1
Q9UDV7,P665L,1
Q9UDV7,V529M,1
Q9UDV7,P281L,1
Q9UDV7,R670Q,1
Q9UDV7,G626D,1
Q9BQA5,S139F,1
Q9BQA5,E160K,1
Q9BQA5,F32L,1
Q9BQA5,P126S,1
Q9BQA5,R390W,1
Q9BQA5,R277C,1
Q9BQA5,R84C,1
Q9BQA5,T417M,1
Q13029,P512H,1
Q13029,P1035L,1
Q13029,R1514C,1
Q13029,E77D,1
Q13029,P949A,1
Q13029,P985L,1
Q13029,D284E,1
Q13029,D253E,1
Q13029,D551V,1
Q13029,S470Y,1
Q13029,E282D,1
Q13029,P619H,1
Q13029,A1475T,1
Q13029,A157V,1
Q13029,P748A,1
Q13029,K128N,1
Q13029,R1516Q,1
Q13029,D752V,1
Q13029,D283E,1
Q13029,E278D,1
Q13029,D277E,1
Q13029,A704P,1
Q13029,A1016T,1
Q13029,G767R,1
Q13029,R1683C,1
Q13029,A16V,1
Q13029,C334Y,1
O15060,V557I,1
O15060,R384Q,1
O15060,E353K,1
O15060,A514V,1
O15060,R160Q,1
O15060,C276R,1
O15060,D434N,1
O15060,S670I,1
O15060,C638Y,1
Q9BYN7,G287R,1
Q9BYN7,D442N,1
Q9BYN7,P569L,1
Q9BYN7,A40V,1
Q9BYN7,R754C,1
Q9BYN7,P278L,1
Q9BYN7,P317L,1
Q9BYN7,E838K,1
Q9BYN7,E50K,1
Q9BYN7,R754H,1
Q9BYN7,R209C,1
Q9BYN7,P261L,1
Q9BYN7,L54F,1
Q9BYN7,R722H,1
Q9NR83,R361Q,1
Q9NR83,E233D,1
Q9UFB7,E284D,1
Q9UFB7,N509S,1
Q9UFB7,V17M,1
Q9UFB7,C495S,1
Q9UFB7,E284K,1
O95625,R240Q,1
O95625,G550E,1
O95625,R649Q,1
O95625,A395V,1
O95625,P163T,1
O95625,A637T,1
O95625,E444D,1
Q9NWS9,R90W,1
Q9NWS9,S408L,1
O75626,S497F,1
O75626,A408T,1
O75626,E170K,1
O75626,A761V,1
O75626,A44V,1
O75626,S76L,1
O75626,V250M,1
O75626,G424S,1
O75626,A79V,1
O75626,A502T,1
O75626,V762M,1
O75626,G452S,1
O75626,A523T,1
O75626,V298I,1
O75626,E758K,1
O75626,E97D,1
O75626,G366R,1
O75626,P445L,1
O75626,V579I,1
O75626,P804L,1
O75626,E576K,1
O75626,R683L,1
O75626,R268H,1
O75626,S331F,1
O75626,I117M,1
O75626,P481L,1
O75626,P337H,1
O75626,D257Y,1
O75626,A715V,1
O75626,R679H,1
O75626,R286C,1
O75626,S405L,1
O75626,T359M,1
O75626,M219I,1
O75626,P457S,1
O75626,P541S,1
O75626,G500R,1
O75626,R112H,1
O75626,Y323C,1
O75626,L415F,1
O75626,A581V,1
O75626,K241N,1
O75626,E731K,1
O75626,G558S,1
O75626,L549F,1
Q08AG5,D458H,1
Q08AG5,S429L,1
Q08AG5,A308P,1
Q08AG5,K226E,1
Q08AG5,T276A,1
Q08AG5,P503R,1
Q08AG5,P59T,1
Q08AG5,H514D,1
Q08AG5,D436N,1
Q08AG5,I642M,1
Q08AG5,D492N,1
Q08AG5,K523E,1
Q08AG5,E31D,1
Q08AG5,F487L,1
Q08AG5,R447P,1
Q86T24,E648K,1
Q86T24,L583R,1
Q86T24,I437N,1
Q86T24,E176K,1
Q86T24,P625T,1
Q86T24,R41Q,1
Q86T24,G323E,1
Q86T24,V36I,1
Q86T24,R585C,1
Q92610,P362L,1
Q92610,R609W,1
Q92610,P564S,1
Q92610,S926N,1
Q92610,V645I,1
Q92610,G916S,1
Q92610,P205L,1
Q92610,R260Q,1
Q92610,R937C,1
Q5JT82,N375T,1
Q5JT82,R335Q,1
Q5JT82,D28N,1
Q5JT82,P194R,1
Q5JT82,E30K,1
Q5JT82,V143I,1
Q5JT82,N156S,1
Q5JT82,A65T,1
Q5JT82,R341Q,1
Q5JT82,S163F,1
Q5JT82,I35N,1
Q8N680,R270C,1
Q8N680,N461S,1
Q8N680,R482G,1
Q8N680,R261W,1
Q8N680,A232V,1
Q8N680,T494M,1
Q8N680,R62C,1
Q8N680,H78D,1
Q8N680,Q170H,1
Q8N680,R94Q,1
Q9HC78,C120Y,1
Q9HC78,F671L,1
Q9HC78,F598L,1
Q9HC78,V121L,1
Q9HC78,T107M,1
Q9HC78,E96K,1
Q9HC78,D45A,1
Q9HC78,V719I,1
Q9HC78,N650S,1
Q9HC78,R259H,1
Q9HC78,R642H,1
Q9HC78,L547P,1
Q9HC78,R116C,1
Q9HC78,E367K,1
Q9HC78,R654C,1
Q9HC78,V681M,1
Q9HC78,G32A,1
Q9HC78,A430S,1
Q9HC78,R119C,1
Q9HC78,T190M,1
Q9HC78,S245L,1
Q9HC78,E228K,1
Q9HC78,G112W,1
Q9HC78,T211M,1
Q9HC78,E92K,1
Q9HC78,S431F,1
O15015,C1369Y,1
O15015,R1095C,1
O15015,E559K,1
O15015,S1576N,1
O15015,R901C,1
O15015,R1358Q,1
O15015,A817T,1
O15015,R1071C,1
O15015,R697W,1
O15015,R508C,1
O15015,A587T,1
O15015,R1250H,1
O15015,R463W,1
O15015,D551N,1
O15015,C1763S,1
O15015,R512Q,1
O15015,R1250C,1
O15015,E327G,1
O15015,R237W,1
O15015,A413V,1
O15015,R1259C,1
O15015,R627H,1
O15015,E1758G,1
O15015,T1762P,1
O15015,R946Q,1
P52746,R493C,1
P52746,R1037W,1
P52746,R314W,1
P52746,P346L,1
P52746,L956H,1
P52746,S46F,1
P52746,R1552C,1
P52746,P629S,1
P52746,S1241L,1
P52746,A228V,1
P52746,R1450C,1
P52746,R581H,1
P52746,P1070L,1
P52746,R571C,1
P52746,E515Q,1
P52746,H1599R,1
P52746,R1581C,1
P28698,I331V,1
P28698,R74C,1
P28698,R130W,1
P28698,R672P,1
P28698,R651W,1
Q96DT7,S466I,1
Q96DT7,G127S,1
P31629,G1396W,1
P31629,R1603Q,1
P31629,R757C,1
P31629,D1915E,1
P31629,S702R,1
P31629,S1565F,1
P31629,T1715I,1
P31629,G1467R,1
P31629,S980F,1
P31629,V1342I,1
P31629,S2311L,1
P31629,K1291N,1
P31629,P1552S,1
P31629,A594V,1
P31629,P460L,1
P31629,R2285Q,1
P31629,T1870I,1
P31629,T1308M,1
P31629,E1916D,1
P31629,S813L,1
P31629,R941C,1
P31629,S1784L,1
P31629,E775K,1
P31629,S1253L,1
P31629,S1320L,1
P31629,T2408M,1
P31629,S1148L,1
P31629,S1967L,1
P31629,R1825W,1
P31629,F224L,1
P31629,A1734V,1
P31629,R882W,1
Q14966,R1679H,1
Q14966,E1728K,1
Q14966,V1726M,1
Q14966,P1573S,1
Q14966,N980S,1
Q14966,R184H,1
Q14966,R282W,1
Q14966,R350Q,1
Q14966,R667W,1
Q14966,A1912V,1
Q14966,P161L,1
Q14966,A1434S,1
Q14966,S1121Y,1
Q14966,R638C,1
Q14966,R485Q,1
Q14966,D1787N,1
Q14966,R495H,1
Q14966,R159H,1
Q14966,P1288S,1
Q14966,P1418S,1
Q14966,K1583R,1
Q14966,S310F,1
Q14966,S1272L,1
Q14966,R544Q,1
Q14966,R1679C,1
Q14966,R185Q,1
Q14966,I1381V,1
Q14966,R487C,1
P52747,A23V,1
P52747,E301K,1
P52747,S300L,1
P52747,A487T,1
Q9H582,R440H,1
Q9H582,G491E,1
Q9H582,D914N,1
Q9H582,N316S,1
Q9H582,K962N,1
Q9H582,V840I,1
Q9H582,E405K,1
O14901,R196Q,1
O14901,Q62R,1
O14901,P483R,1
O14901,A413T,1
O14901,S118L,1
O14901,D245G,1
O14901,E488G,1
O14901,R445H,1
Q14872,P440L,1
Q14872,V204M,1
Q14872,R251Q,1
Q14872,S186N,1
Q14872,K227E,1
Q14872,R260W,1
Q14872,T228M,1
Q14872,R281C,1
Q14872,T381M,1
Q9H4Z2,P216L,1
Q9H4Z2,R355W,1
Q9H4Z2,R253Q,1
Q9H4Z2,R698W,1
Q9H4Z2,S189C,1
Q9H4Z2,A756V,1
Q9H4Z2,N4T,1
Q9H4Z2,R540W,1
Q9H4Z2,R719C,1
Q9H4Z2,D491N,1
Q9H4Z2,M581T,1
Q9H4Z2,R473H,1
Q9H4Z2,R547W,1
Q9H4Z2,E1322K,1
Q9H4Z2,S126F,1
P10070,R385W,1
P10070,S548L,1
P10070,S1426L,1
P10070,P87S,1
P10070,P1440L,1
P10070,S1471F,1
P10070,A894T,1
P10070,R806C,1
P10070,E442K,1
P10070,R600C,1
P10070,A1072V,1
P10070,D449N,1
P10070,T224M,1
P10070,T478P,1
P10070,A370T,1
P10070,R495W,1
P10070,R226C,1
P10070,P982Q,1
P10070,D1513N,1
P10070,D1059N,1
P10070,R1548Q,1
P10070,A40V,1
P10070,V595I,1
P10070,E1411K,1
P10070,S6L,1
P10070,A1576T,1
P10070,P1102L,1
P10070,R1470W,1
P10070,A636V,1
P10070,S1526L,1
P10070,E561K,1
P10070,E1455K,1
P10070,G1357V,1
P10070,A780V,1
P10070,R229H,1
P10070,A188V,1
P10070,R550H,1
P10070,R479Q,1
P10070,A241T,1
P10070,S1498C,1
P10070,A1047T,1
P10070,P1433L,1
P10070,R556C,1
P10070,A1262V,1
Q8NAF0,A355V,1
Q8NAF0,A157T,1
Q8NAF0,P488S,1
Q8NAF0,A332V,1
Q92766,S1388L,1
Q92766,R1253L,1
Q92766,A357T,1
Q92766,P1195L,1
Q92766,P482S,1
Q92766,P1004S,1
Q92766,A560T,1
Q92766,G1384R,1
Q92766,T1000S,1
Q92766,S42F,1
Q92766,R639C,1
Q92766,A1355V,1
Q92766,S1077L,1
Q92766,E915Q,1
Q92766,R576W,1
Q92766,R54I,1
Q92766,S5L,1
Q92766,P1050T,1
Q92766,R1164H,1
Q92766,W1640G,1
Q92766,L174P,1
Q92766,R1557C,1
Q92766,P295S,1
Q92766,A324V,1
Q92766,E303K,1
Q92766,S64P,1
Q92766,P997L,1
Q92766,P1500L,1
Q92766,A684V,1
Q92766,E193K,1
Q92766,A839T,1
Q92766,R165H,1
Q92766,G195R,1
Q5T619,G274S,1
Q5T619,A131T,1
Q5T619,E112K,1
Q5T619,T271M,1
Q5T619,A13V,1
Q5T619,G274A,1
Q5T619,R468H,1
Q5T619,A210T,1
Q5T619,R465C,1
Q5T619,V464M,1
Q5T619,R493Q,1
Q5T619,S6F,1
Q5T619,S565F,1
Q5T619,G75D,1
Q5T619,S489L,1
Q5T619,A176V,1
Q5T619,G91R,1
Q5T619,P15S,1
Q5T619,S415T,1
Q5T619,A159T,1
Q5T619,E64K,1
Q5T619,S348L,1
Q5T619,E241K,1
Q5T619,R323Q,1
Q5T619,E42K,1
Q92618,P985S,1
Q92618,A941T,1
Q92618,L291F,1
Q92618,H80R,1
Q92618,R608H,1
Q92618,G232S,1
Q92618,F382L,1
Q92618,A256D,1
Q92618,D632N,1
Q92618,G640S,1
Q92618,A1141T,1
Q92618,P853L,1
Q92618,G1145W,1
Q92618,T703M,1
Q92618,W419C,1
Q92618,R525C,1
Q92618,A316T,1
Q92618,A115T,1
Q92618,R466H,1
Q92618,R780H,1
Q13351,L127F,1
Q13351,A175T,1
Q13351,T327P,1
Q13351,A7T,1
Q13351,N81I,1
Q13129,R1572H,1
Q13129,H161R,1
Q13129,G1595S,1
Q13129,C479Y,1
Q13129,E1784D,1
Q13129,H177N,1
Q13129,R218Q,1
Q13129,P448L,1
Q13129,S1100L,1
Q13129,E135K,1
Q13129,S450Y,1
Q13129,S1075L,1
Q13129,F811L,1
Q13129,P935L,1
Q13129,S1253F,1
Q13129,E498A,1
Q13129,K617N,1
Q9P1Z0,Y337D,1
Q9P1Z0,C256R,1
Q9P1Z0,T554M,1
Q9P1Z0,P584L,1
Q9P1Z0,T80I,1
Q9P1Z0,P435L,1
Q9P1Z0,E6Q,1
Q9P1Z0,A958V,1
Q9P1Z0,Y337S,1
Q9P1Z0,G834W,1
Q9P1Z0,T61P,1
O95863,R84T,1
O95863,E162K,1
O95863,V118A,1
Q8TD17,G609S,1
Q8TD17,S389T,1
Q8TD17,R559H,1
Q8TD17,S344L,1
Q8TD17,E238G,1
Q6N043,A572T,1
Q6N043,S802N,1
Q6N043,V568I,1
Q6N043,E925K,1
Q6N043,R476C,1
Q6N043,E182K,1
Q6N043,E912K,1
Q6N043,K596N,1
Q8IX07,A207V,1
Q8IX07,G788D,1
Q8IX07,T210A,1
Q8IX07,P58S,1
Q8IX07,E444A,1
Q8IX07,K431N,1
Q8IX07,E444D,1
Q8IX07,E160K,1
Q8IX07,S272P,1
Q8IX07,R823C,1
Q96GC6,E70K,1
Q96GC6,R451H,1
Q96GC6,R451C,1
Q96GC6,G151D,1
Q96GC6,E262K,1
Q96GC6,H469Y,1
Q96GC6,E255K,1
Q96GC6,R575C,1
Q96GC6,D314N,1
Q96GC6,R176W,1
O95201,R404C,1
O95201,R468H,1
O95201,A493T,1
O95201,S181L,1
O95201,T402P,1
O95201,A465V,1
O95201,P553S,1
O95201,T43A,1
O95201,R496H,1
O95201,H498R,1
Q3SY56,A196T,1
Q3SY56,V372M,1
Q3SY56,K312E,1
Q3SY56,D187N,1
Q3SY56,D246N,1
Q3SY56,P231S,1
Q3SY56,A195D,1
Q3SY56,E350K,1
Q9Y5W3,C274Y,1
Q9Y5W3,A270V,1
Q9Y5W3,A291V,1
Q9Y5W3,R268H,1
Q9Y5W3,A291T,1
Q9Y5W3,S275N,1
P25490,N369S,1
P25490,C385F,1
P25490,G141D,1
P25490,T372R,1
P25490,R375Q,1
P25490,P249S,1
Q9NQV8,D53G,1
Q9NQV8,R66K,1
Q9NQV8,C21R,1
Q9NQV8,Q212H,1
Q9NQV8,G195S,1
Q9NQV8,P169S,1
Q6ZSB9,A348T,1
Q6ZSB9,H635Y,1
Q6ZSB9,Y320S,1
Q6ZSB9,R574C,1
Q6ZSB9,R468H,1
Q6ZSB9,R528W,1
Q6ZSB9,A306V,1
Q6ZSB9,R443Q,1
P10071,R1051Q,1
P10071,T107M,1
P10071,V34I,1
P10071,V1199I,1
P10071,R449W,1
P10071,P152L,1
P10071,L728F,1
P10071,P1429L,1
P10071,K13N,1
P10071,G727R,1
P10071,P1052L,1
P10071,Q1261H,1
P10071,G465R,1
P10071,R105C,1
P10071,P648S,1
P10071,Q1202H,1
P10071,R625W,1
P10071,P402L,1
P10071,V1045M,1
P10071,S1167Y,1
P10071,A353T,1
P10071,E878K,1
P10071,D440N,1
P10071,T167M,1
P10071,S1062L,1
P10071,R1058Q,1
P10071,A57T,1
P10071,R956C,1
P10071,R875H,1
P10071,M215I,1
P10071,A488V,1
P10071,P1482S,1
P10071,S352F,1
P10071,A218V,1
P10071,D492N,1
P10071,A1170T,1
P10071,R1537H,1
P10071,V1096M,1
P10071,R593C,1
P10071,R1189H,1
P10071,R205C,1
P10071,D1088N,1
P10071,S872P,1
P10071,A1184T,1
P10071,E1164K,1
P10071,R862H,1
P10071,P169L,1
P10071,E81K,1
P10071,A273V,1
P10071,P653L,1
P10071,D1119N,1
P10071,H1200D,1
P10071,S1564Y,1
P10071,R1010Q,1
P10071,V889M,1
P10071,R874H,1
P10071,R1051W,1
P10071,P653S,1
P10071,T955M,1
P10071,P886L,1
P10071,G1133R,1
P10071,P100S,1
P10071,D301N,1
P10071,R26Q,1
P10071,A353V,1
P10071,R1394H,1
P10071,T1037M,1
P10071,T1540M,1
P10071,R105H,1
Q5VTD9,S187N,1
Q5VTD9,F252L,1
Q5VTD9,S124P,1
Q5VTD9,R315C,1
Q5VTD9,R321W,1
Q5VTD9,A149T,1
Q5VTD9,V135I,1
O43167,V637M,1
O43167,G384R,1
O43167,V418L,1
O43167,R348Q,1
O43167,R426Q,1
O43167,L607I,1
P15918,R973H,1
P15918,A444V,1
P15918,R699W,1
P15918,R975W,1
P15918,I266N,1
P15918,P822S,1
P15918,A69V,1
P15918,R764C,1
P15918,R160W,1
P15918,R332Q,1
P15918,R142Q,1
P15918,E876K,1
P15918,R396H,1
P15918,D887N,1
P15918,P132H,1
P15918,L140F,1
P15918,G131V,1
P15918,R112H,1
P15918,R716W,1
P15918,K820R,1
P15918,R34W,1
P15918,R737H,1
P15918,R160Q,1
P15918,G131C,1
P15918,R561C,1
P15918,S401L,1
P15918,L399I,1
P15918,P152L,1
P15918,A267T,1
P15918,R764H,1
Q01101,E495K,1
Q9C0D4,P365L,1
Q9C0D4,A218V,1
Q9C0D4,R909C,1
Q9C0D4,A510D,1
Q9C0D4,E214A,1
Q9C0D4,S457L,1
Q9C0D4,G16R,1
Q9C0D4,L20F,1
Q9C0D4,S105P,1
Q9C0D4,G262A,1
Q9C0D4,S590F,1
Q9C0D4,P773L,1
Q9C0D4,V479I,1
Q9C0D4,K619N,1
Q9C0D4,R666H,1
Q9C0D4,R938H,1
Q9C0D4,H1017Y,1
Q9C0D4,I886V,1
Q9C0D4,H67Y,1
A0PJY2,A380T,1
A0PJY2,E200K,1
A0PJY2,S301I,1
A0PJY2,A430T,1
A0PJY2,D134N,1
A0PJY2,P450L,1
Q8TCN5,R70H,1
Q8TCN5,S134A,1
Q8TCN5,V590I,1
Q8TCN5,E934K,1
Q8TCN5,Q411P,1
Q8TCN5,E817K,1
Q8TCN5,D355N,1
Q8TCN5,P89L,1
Q8TCN5,R72C,1
Q8TCN5,R443C,1
Q8TCN5,S95L,1
Q8TCN5,E675K,1
Q8NI51,E214K,1
Q8NI51,E423K,1
Q8NI51,D260N,1
Q8NI51,R42Q,1
Q8NI51,E76K,1
Q8NI51,R359H,1
Q8NI51,E50Q,1
Q8NI51,G605R,1
Q8NI51,D317N,1
Q8NI51,H303Y,1
Q8NI51,R274C,1
Q8NI51,R51H,1
Q8NI51,K188M,1
Q8NI51,R301W,1
Q8NI51,G569E,1
Q8NI51,E647K,1
Q8NI51,T177A,1
Q8NI51,H41Y,1
Q8NI51,E194K,1
Q8NI51,R406C,1
P57682,T65M,1
P57682,R341C,1
P57682,P120Q,1
P57682,P226L,1
P57682,R137W,1
P57682,R257W,1
P57682,R341H,1
P57682,P289S,1
Q8TDD2,Q221H,1
Q8TDD2,E393K,1
Q8NEA6,G340S,1
Q8NEA6,G158R,1
Q8NEA6,P301Q,1
Q8NEA6,M2I,1
Q8NEA6,S701L,1
Q8NEA6,R625W,1
Q8NEA6,S98I,1
Q8NEA6,P582H,1
Q8NEA6,S48L,1
Q8NEA6,A33V,1
Q8NEA6,V217M,1
Q8NEA6,D372N,1
Q96CK0,S207Y,1
Q96CK0,V248I,1
Q96CK0,G316S,1
Q96CK0,R118H,1
Q96CK0,T414M,1
Q96CK0,R136C,1
Q96CK0,A412S,1
Q96CK0,A287V,1
Q96CK0,E333K,1
Q96CK0,G213D,1
Q96CK0,G344S,1
Q96CK0,R517L,1
Q8NAP3,P642S,1
Q8NAP3,T511M,1
Q8NAP3,S319A,1
Q8NAP3,R1093C,1
Q8NAP3,L854I,1
Q8NAP3,H1163L,1
Q8NAP3,R407C,1
Q8NAP3,M736I,1
Q8NAP3,P300A,1
Q8NAP3,L185F,1
Q14526,T677I,1
Q14526,A510T,1
Q14526,V118A,1
Q14526,E256Q,1
Q14526,R533W,1
Q14526,L338V,1
Q14526,S237F,1
O60481,H380Q,1
O60481,T398M,1
O60481,R263Q,1
O60481,A238T,1
O60481,R404C,1
O60481,D208G,1
O60481,R200H,1
O60481,T452P,1
O60481,R195C,1
O60481,R30C,1
O60481,T429A,1
O60481,L192Q,1
O60481,R341C,1
O60481,R341H,1
Q66K89,K252R,1
Q66K89,R217C,1
Q66K89,S165N,1
Q66K89,R62H,1
Q66K89,R293H,1
Q66K89,A385T,1
Q66K89,M211V,1
Q66K89,R492C,1
Q66K89,A134T,1
Q9P2Y4,P260T,0
P18146,S145R,0
P18146,T28I,0
P18146,N144K,0
P18146,E219D,0
O15209,T310A,0
O15209,G250A,0
Q9NW07,N32S,0
Q9UDV7,M273V,0
Q9BQA5,P4S,0
Q9BQA5,S78C,0
Q9BQA5,A493V,0
Q9BQA5,K352R,0
Q13029,T941I,0
Q13029,S1063L,0
Q13029,S450N,0
O15060,P689A,0
Q9BYN7,P160Q,0
Q9BYN7,R386Q,0
Q9BYN7,P185S,0
Q9BYN7,P160L,0
Q9BYN7,T483M,0
Q9BYN7,A808V,0
Q9BYN7,R722C,0
Q9BYN7,A82T,0
Q9BYN7,T813P,0
Q9BYN7,E50D,0
Q9BYN7,N547S,0
Q9NR83,A341T,0
Q9UFB7,P136L,0
Q9UFB7,A385T,0
O95625,T350N,0
O95625,G44S,0
Q9NWS9,N192H,0
Q9NWS9,R387H,0
Q9NWS9,P300S,0
O75626,G150S,0
O75626,G74S,0
O75626,R286H,0
O75626,D203E,0
O75626,I271V,0
O75626,Y381H,0
O75626,P168A,0
O75626,R286P,0
O75626,V745M,0
O75626,T383A,0
O75626,P822T,0
O75626,S367F,0
O75626,A408P,0
O75626,P467L,0
O75626,N436D,0
O75626,L450V,0
Q08AG5,R146H,0
Q08AG5,M584L,0
Q08AG5,V113M,0
Q08AG5,V329A,0
Q86T24,Q13E,0
Q92610,S298G,0
Q92610,R970C,0
Q92610,R350H,0
Q5JT82,Q80H,0
Q8N680,E432D,0
Q9HC78,T601K,0
Q9HC78,D388E,0
Q9HC78,A589D,0
Q9HC78,M625V,0
O15015,T1788M,0
O15015,I774M,0
O15015,G921A,0
O15015,R1249W,0
O15015,A98V,0
O15015,G1477D,0
P52746,L956R,0
P52746,R319H,0
P52746,S751C,0
P52746,S1010A,0
P52746,A1313T,0
P52746,A541S,0
P28698,R103H,0
P28698,R51H,0
P28698,R441P,0
Q96DT7,P50T,0
Q96DT7,M174I,0
P31629,L2346F,0
P31629,E81D,0
P31629,T2318I,0
P31629,A1399V,0
P31629,V1605L,0
P31629,V1069L,0
P31629,L1293I,0
P31629,L1538R,0
P31629,R46Q,0
P31629,P1145L,0
P31629,D574E,0
P31629,D632N,0
P31629,N436K,0
P31629,A1041V,0
P31629,L1538P,0
P31629,P1150S,0
P31629,Y1242C,0
P31629,S1102R,0
P31629,A932T,0
P31629,I345V,0
Q14966,S1462N,0
Q14966,N1044K,0
P52747,S495N,0
P52747,E561Q,0
P52747,G461D,0
Q9H582,H706Y,0
Q9H582,R302C,0
Q9H582,R1099C,0
Q9H582,K707E,0
Q9H582,K369M,0
Q9H582,M556V,0
Q9H582,A794V,0
Q9H582,T870A,0
Q9H582,N46D,0
Q9H582,T566S,0
Q9H582,A550T,0
O14901,G8R,0
O14901,G484S,0
O14901,P261L,0
O14901,P483L,0
O14901,G156V,0
O14901,S378F,0
O14901,E181Q,0
O14901,Q62L,0
O14901,S102L,0
O14901,R29Q,0
O14901,R402Q,0
O14901,T220R,0
O14901,D137G,0
Q14872,P440S,0
Q14872,D63E,0
Q9H4Z2,P655S,0
Q9H4Z2,R440L,0
Q9H4Z2,R688Q,0
Q9H4Z2,S294I,0
Q9H4Z2,S294T,0
Q9H4Z2,L168I,0
Q9H4Z2,T996A,0
Q9H4Z2,R65C,0
Q9H4Z2,I1149V,0
Q9H4Z2,I1023T,0
Q9H4Z2,R720C,0
Q9H4Z2,I469V,0
Q9H4Z2,P555L,0
Q9H4Z2,K496E,0
Q9H4Z2,S110I,0
Q9H4Z2,F723I,0
Q9H4Z2,A941T,0
Q9H4Z2,A855V,0
Q9H4Z2,D78E,0
Q9H4Z2,S291A,0
Q9H4Z2,H701Q,0
Q9H4Z2,V1336I,0
Q9H4Z2,H541Q,0
Q9H4Z2,H1169Q,0
Q9H4Z2,D198G,0
Q9H4Z2,G101S,0
Q9H4Z2,G98E,0
Q9H4Z2,Y1226C,0
Q9H4Z2,Y603H,0
Q9H4Z2,T996S,0
Q9H4Z2,F723V,0
Q9H4Z2,D865E,0
P10070,L1445F,0
P10070,D1520E,0
P10070,Q1176H,0
P10070,D449H,0
P10070,M1403V,0
P10070,V432M,0
P10070,A852T,0
P10070,P779S,0
P10070,L709P,0
P10070,M1241I,0
P10070,A203T,0
P10070,T620M,0
P10070,P997R,0
P10070,T903S,0
P10070,P1184Q,0
P10070,H1279N,0
P10070,R217G,0
P10070,R1384H,0
P10070,A268V,0
P10070,V1154I,0
P10070,P1029L,0
P10070,G1197D,0
P10070,D1016E,0
P10070,N601S,0
P10070,A714T,0
P10070,F729L,0
P10070,H74R,0
P10070,V432L,0
P10070,P1485A,0
P10070,R1543H,0
P10070,D1306N,0
P10070,K30Q,0
P10070,G199S,0
P10070,F830L,0
P10070,A1156T,0
P10070,P625S,0
Q8NAF0,E353D,0
Q92766,L1467P,0
Q92766,D342N,0
Q92766,K548Q,0
Q92766,K29N,0
Q92766,R1155Q,0
Q92766,D1171N,0
Q92766,L983S,0
Q92766,T90A,0
Q92766,S4N,0
Q92766,M610I,0
Q5T619,N111K,0
Q92618,G239S,0
Q92618,E99D,0
Q13351,R331G,0
Q13351,G174C,0
Q13351,S270L,0
Q13351,F182L,0
Q13351,R328L,0
Q13351,E5Q,0
Q13351,E253K,0
Q13351,C341Y,0
Q13351,M39L,0
Q13351,P210R,0
Q13351,R268L,0
Q13351,C316W,0
Q13351,S102P,0
Q13351,A104G,0
Q13351,Y181N,0
Q13351,E5K,0
Q13351,P109S,0
Q13351,T334R,0
Q13351,H299D,0
Q13129,V932A,0
Q13129,R668K,0
Q13129,S260C,0
Q13129,G957D,0
Q13129,Q1685E,0
Q13129,P867H,0
Q13129,I1521M,0
Q13129,P1629L,0
Q9P1Z0,R906Q,0
Q9P1Z0,M550I,0
Q9P1Z0,A712V,0
Q9P1Z0,N379K,0
Q9P1Z0,A539V,0
O95863,A66V,0
O95863,A66E,0
Q8TD17,S294L,0
Q6N043,K781I,0
Q6N043,A778V,0
Q6N043,G785A,0
Q8IX07,G70A,0
Q8IX07,G116A,0
Q96GC6,V147I,0
O95201,A255D,0
Q3SY56,V156I,0
Q9Y5W3,R142H,0
Q9Y5W3,R145P,0
Q9Y5W3,L104P,0
P25490,E47D,0
Q9NQV8,A483S,0
Q9NQV8,P464S,0
Q9NQV8,S254R,0
Q9NQV8,P241Q,0
Q6ZSB9,Y652C,0
Q6ZSB9,A396T,0
Q6ZSB9,T556A,0
P10071,D1095G,0
P10071,V695I,0
P10071,R449P,0
P10071,V695F,0
P10071,T1070S,0
P10071,E1040V,0
P10071,P75A,0
P10071,V71F,0
P10071,L807F,0
P10071,D440E,0
P10071,A879S,0
P10071,N722S,0
P10071,G1001S,0
P10071,H123N,0
P10071,A1324P,0
P10071,I749V,0
P10071,I1504L,0
P10071,D734N,0
P10071,G1001C,0
P10071,H1232P,0
P10071,Y987C,0
P10071,S1028I,0
P10071,N1087K,0
P10071,R1537C,0
P10071,T615A,0
P10071,L1258V,0
P10071,N503K,0
P10071,G1336E,0
P10071,H499Q,0
P10071,V403F,0
P10071,A770S,0
P10071,R1394C,0
P10071,I176M,0
P10071,M1312R,0
P10071,R248L,0
P10071,P998L,0
P10071,P769L,0
P10071,F1450C,0
P10071,P1298L,0
P10071,G657S,0
P10071,G1382D,0
P10071,G1211W,0
P10071,T669I,0
P10071,S1536T,0
P10071,P1546S,0
P10071,T183A,0
P10071,T312M,0
P10071,T1050M,0
Q5VTD9,D23N,0
Q5VTD9,V34M,0
Q5VTD9,F50L,0
Q5VTD9,L60I,0
Q5VTD9,G81V,0
O43167,A518T,0
O43167,R49Q,0
O43167,Q114R,0
P15918,R474C,0
P15918,S169L,0
P15918,F625L,0
P15918,H84R,0
P15918,P525S,0
P15918,R449K,0
P15918,R624C,0
P15918,R410Q,0
P15918,H249R,0
P15918,R244G,0
P15918,H753L,0
P15918,R975Q,0
P15918,E669G,0
P15918,V433M,0
P15918,K992E,0
P15918,M435V,0
P15918,C176F,0
P15918,L454Q,0
P15918,A267S,0
P15918,N855S,0
P15918,H612R,0
P15918,R396L,0
P15918,R624H,0
P15918,R559S,0
P15918,E880K,0
P15918,N855I,0
P15918,L885R,0
P15918,H994R,0
P15918,R247H,0
P15918,C358Y,0
P15918,H375D,0
P15918,S480G,0
P15918,E814D,0
P15918,S401P,0
Q01101,E60D,0
Q9C0D4,S523N,0
Q9C0D4,G262V,0
A0PJY2,S85G,0
Q8TCN5,Q432H,0
Q8NI51,Q525E,0
Q8NI51,V652L,0
Q8NI51,V652M,0
P57682,R207S,0
Q8TDD2,M19V,0
Q8TDD2,H376Q,0
Q8NEA6,R544C,0
Q8NEA6,P301R,0
Q8NEA6,P207Q,0
Q8NEA6,S143Y,0
Q8NEA6,T285A,0
Q8NEA6,P127T,0
Q8NEA6,P127A,0
Q8NEA6,P11T,0
Q8NEA6,H245Q,0
Q8NEA6,P221S,0
Q8NEA6,G158A,0
Q8NEA6,S424P,0
Q8NEA6,D357E,0
Q8NEA6,R544H,0
Q8NEA6,T285S,0
Q8NEA6,C521F,0
Q8NEA6,A753V,0
Q8NEA6,R565Q,0
Q8NEA6,S532F,0
Q8NEA6,L288V,0
Q8NEA6,P209S,0
Q8NEA6,G251C,0
Q8NEA6,P11A,0
Q8NEA6,P578L,0
Q8NEA6,G749W,0
Q8NEA6,G749R,0
Q8NEA6,S269P,0
Q8NEA6,Q242H,0
Q8NEA6,H669R,0
Q8NEA6,I350M,0
Q96CK0,K54R,0
Q96CK0,A329T,0
Q8NAP3,A809T,0
Q8NAP3,V1067I,0
Q8NAP3,T615M,0
Q8NAP3,E211D,0
Q14526,R725G,0
O60481,V448I,0
O60481,G17C,0
O60481,I247V,0
O60481,G7R,0
O60481,D416E,0
Q66K89,V355I,0
